{
  "minecraft:recipes/decorations/crafting_table": {
    "criteria": {
      "unlock_right_away": "2024-07-18 00:54:24 +0000"
    },
    "done": true
  },
  "craemon:craftable_elytra": {
    "criteria": {
      "tick": "2024-07-18 00:54:24 +0000"
    },
    "done": true
  },
  "craemon:unlock_all_recipes": {
    "criteria": {
      "tick": "2024-07-18 00:54:24 +0000"
    },
    "done": true
  },
  "biomesoplenty:biomesoplenty/root": {
    "criteria": {
      "lavender_field": "2024-07-18 00:54:24 +0000"
    },
    "done": true
  },
  "craemon:main": {
    "criteria": {
      "tick": "2024-07-18 00:54:24 +0000"
    },
    "done": true
  },
  "biomesoplenty:biomesoplenty/all_biomes": {
    "criteria": {
      "lavender_field": "2024-07-18 00:54:24 +0000"
    },
    "done": false
  },
  "craemon:crafting": {
    "criteria": {
      "tick": "2024-07-18 00:54:24 +0000"
    },
    "done": true
  },
  "DataVersion": 3953
}